{"current":{"color_text":"#0e0d0d","color_body_text":"#8a95f1","color_text_field":"#ee0909","color_image_overlay_text":"#1c10ee","color_body_bg":"#741111","type_header_font":"abril_fatface_n4","type_base_font":"anonymous_pro_n4","social_facebook_link":"https:\/\/www.facebook.com\/Pimp-Your-STyle-106618098419146\/","sections":{"header":{"type":"header","settings":{"align_logo":"left","logo":"shopify:\/\/shop_images\/145E5057-70FA-4C5A-895A-49CCFE0CF4E7.jpg","logo_max_width":100,"main_linklist":"main-menu","message":false,"home_page_only":true,"message_text":"Kaufe ein und bekomme gleich 25% Rabatt","message_link":"shopify:\/\/collections\/all","color_bg":"#3a3a3a","color_text":"#ffffff"}},"hero-1":{"type":"hero","disabled":true,"settings":{"image":"shopify:\/\/shop_images\/9F0B7D73-298F-40E0-9DA5-FAAC408105EA.png","alignment":"center","hero_layout":"full_width","hero_size":"large","text_size":"large","title":"Mal was anderes ? Pump your Mäpchen","text":"<p>Nutzen Sie überlegten Text, um Kunden über Ihre Marke zu informieren. Wählen Sie Fotos und Text <\/p>","button_label":"","button_link":"shopify:\/\/collections\/pimp-your-style"}},"feature-row":{"type":"feature-row","settings":{"image":"shopify:\/\/shop_images\/alice-in-wonder-land-welcome.gif","layout":"left","title":"Willkommen bei Pimp your STyle!","text":"<p>Erstmal kurze Info über uns wir sind ein Dropship unternehmen, das heißt wir liefern euch direkt die Ware vom Hersteller zu euch nach Hause 1000% Neuware !<\/p><p>Wir sind noch nicht so lange dabei und wollen uns klein hocharbeiten ! <\/p><p>Kunden sind uns das wichtigste und deswegen wollen wir auch das sie sich wohl fühlen !<\/p><p>Was werden wir an Bieten?<\/p><p>Babyklamotten<\/p><p>Kinderklamotten<\/p><p>Damenbekleidung<\/p><p>sowie Individuelle Dinge zum Pimpen ganz nach eurem Geschmack !<\/p>","button_label":"","button_link":""}},"feature-columns":{"type":"feature-columns","disabled":true,"blocks":{"feature-columns-0":{"type":"text_block","settings":{"enable_image":true,"title":"Titel oder Text hinzufügen","text":"<p>Blogposts, Produkte oder Promotions mit Ihren Kunden teilen. Nutzen Sie diesen Text, um Produkte zu beschreiben, Details zu Verfügbarkeit und Stil mitzuteilen oder als Ort, wo Reviews oder FAQs stehen.<\/p>","button_label":"","button_link":""}},"feature-columns-1":{"type":"text_block","disabled":true,"settings":{"enable_image":true,"title":"Titel oder Text hinzufügen","text":"<p>Blogposts, Produkte oder Promotions mit Ihren Kunden teilen. Nutzen Sie diesen Text, um Produkte zu beschreiben, Details zu Verfügbarkeit und Stil mitzuteilen oder als Ort, wo Reviews oder FAQs stehen.<\/p>","button_label":"","button_link":""}},"feature-columns-2":{"type":"text_block","disabled":true,"settings":{"enable_image":true,"title":"Titel oder Text hinzufügen","text":"<p>Blogposts, Produkte oder Promotions mit Ihren Kunden teilen. Nutzen Sie diesen Text, um Produkte zu beschreiben, Details zu Verfügbarkeit und Stil mitzuteilen oder als Ort, wo Reviews oder FAQs stehen.<\/p>","button_label":"","button_link":""}}},"block_order":["feature-columns-0","feature-columns-1","feature-columns-2"],"settings":{"title":"","align_text":"left"}},"collection":{"type":"collection","disabled":true,"settings":{"title":"Vorgestellte Kategorie","collection":"pimp-your-style","grid":4,"rows":2,"show_vendor":false,"show_view_all":false}},"hero-2":{"type":"hero","settings":{"image":"shopify:\/\/shop_images\/701028455826_0.jpg","alignment":"center","hero_layout":"full_width","hero_size":"medium","text_size":"large","title":"Pimpt euer eigenes  Mäppchen","text":"<p>Euer eigenes Mäppchen mit eurem aufdruck Bild nach Wahl ! <\/p>","button_label":"Reinschauen","button_link":"shopify:\/\/products\/cusomtized-pattern-pencil-case-fashion-stationery-bag-canvas-pen-bag"}},"quotes":{"type":"quotes","disabled":true,"blocks":{"quotes-0":{"type":"quote","disabled":true,"settings":{"quote":"<p>Kunden-Reviews und Testimonials, die Kundenzufriedenheit beweisen.<\/p>","author":"Name des Autors"}},"quotes-1":{"type":"quote","disabled":true,"settings":{"quote":"<p>Kunden-Reviews und Testimonials, die Kundenzufriedenheit beweisen.<\/p>","author":"Name des Autors"}},"quotes-2":{"type":"quote","disabled":true,"settings":{"quote":"<p>Kunden-Reviews und Testimonials, die Kundenzufriedenheit beweisen.<\/p>","author":"Name des Autors"}}},"block_order":["quotes-0","quotes-1","quotes-2"],"settings":{"title":""}},"image-bar":{"type":"image-bar","blocks":{"image-bar-0":{"type":"image","disabled":true,"settings":{"alignment":"center","link":"","cta_label":""}},"image-bar-1":{"type":"image","disabled":true,"settings":{"alignment":"center","link":"","cta_label":""}},"image-bar-2":{"type":"image","disabled":true,"settings":{"alignment":"center","link":"","cta_label":""}}},"block_order":["image-bar-0","image-bar-1","image-bar-2"],"settings":{"section_height":"medium"}},"footer":{"type":"footer","blocks":{"footer-0":{"type":"link_list","settings":{"title":"Quick-Links","menu":"footer"}},"footer-1":{"type":"newsletter","settings":{"title":"Newsletter"}}},"block_order":["footer-0","footer-1"],"settings":{"show_payment_icons":true,"color_footer_bg":"#f6f6f6","color_footer_text":"#333232","show_locale_selector":true,"show_currency_selector":true}},"1630094663c19ff4e1":{"type":"featured-product","disabled":true,"settings":{"featured_product":"cusomtized-pattern-pencil-case-fashion-stationery-bag-canvas-pen-bag","show_quantity_selector":false,"show_vendor":false,"enable_payment_button":true,"show_share_buttons":true,"media_size":"medium","enable_image_zoom":true,"enable_video_looping":false}},"163031594462c9869d":{"type":"image-bar","blocks":{"163031594462c9869d-0":{"type":"image","settings":{"image":"shopify:\/\/shop_images\/1921150149264_1.jpg","alignment":"center","link":"","cta_label":""}},"163031594462c9869d-1":{"type":"image","settings":{"image":"shopify:\/\/shop_images\/857507859878_3.jpg","alignment":"center","link":"","cta_label":""}},"163031594462c9869d-2":{"type":"image","settings":{"image":"shopify:\/\/shop_images\/1714445131842_4.png","alignment":"center","link":"","cta_label":""}}},"block_order":["163031594462c9869d-0","163031594462c9869d-1","163031594462c9869d-2"],"settings":{"section_height":"medium"}},"1630316846defdf7b4":{"type":"featured-blog","settings":{"title":"Unsere News","blog":"news","post_limit":3,"blog_show_author":false,"blog_show_date":true,"show_view_all":false}},"1630337771bbc6aa73":{"type":"hero","settings":{"image":"shopify:\/\/shop_images\/C57F99AE-395A-4FB8-932A-7E72F98CD1F3.jpg","alignment":"center","hero_layout":"full_width","hero_size":"medium","text_size":"medium","title":"Noch keine Idee für Halloween ?","text":"<p>Coole Hose perfekt für Halloween und das beste ist noch für jeden anpassbar perfekte Form und coolen Style <\/p>","button_label":"Anschauen","button_link":"shopify:\/\/products\/buttocks-slimming-pencil-leggings-womens-autumn-and-winter-trousers"}}},"content_for_index":["1630337771bbc6aa73","hero-1","feature-row","hero-2","feature-columns","163031594462c9869d","collection","quotes","1630094663c19ff4e1","1630316846defdf7b4"]},"presets":{"Default":{"sections":{"header":{"type":"header","settings":{}},"hero-1":{"type":"hero","settings":{"hero_size":"large","text_size":"large"}},"feature-row":{"type":"feature-row","settings":{}},"feature-columns":{"type":"feature-columns","blocks":{"feature-columns-0":{"type":"text_block","settings":{}},"feature-columns-1":{"type":"text_block","settings":{}},"feature-columns-2":{"type":"text_block","settings":{}}},"block_order":["feature-columns-0","feature-columns-1","feature-columns-2"],"settings":{"title":""}},"collection":{"type":"collection","settings":{"grid":4}},"hero-2":{"type":"hero","settings":{"text_size":"large"}},"quotes":{"type":"quotes","blocks":{"quotes-0":{"type":"quote","settings":{}},"quotes-1":{"type":"quote","settings":{}},"quotes-2":{"type":"quote","settings":{}}},"block_order":["quotes-0","quotes-1","quotes-2"],"settings":{"title":""}},"image-bar":{"type":"image-bar","blocks":{"image-bar-0":{"type":"image","settings":{}},"image-bar-1":{"type":"image","settings":{}},"image-bar-2":{"type":"image","settings":{}}},"block_order":["image-bar-0","image-bar-1","image-bar-2"],"settings":{}},"footer":{"type":"footer","blocks":{"footer-0":{"type":"link_list","settings":{}},"footer-1":{"type":"newsletter","settings":{}}},"block_order":["footer-0","footer-1"],"settings":{"show_payment_icons":true}}},"content_for_index":["hero-1","feature-row","feature-columns","collection","hero-2","quotes","image-bar"]},"Light":{"color_text":"#162950","color_body_text":"#6d6d6d","color_sale_text":"#DA2F0C","color_borders":"#e4e4e4","color_button":"#DA2F0C","color_button_text":"#ffffff","color_small_button_text_border":"#162950","color_text_field":"#ffffff","color_text_field_text":"#162950","color_text_field_border":"#909090","color_image_overlay_text":"#ffffff","color_image_overlay":"#3d3d3d","image_overlay_opacity":40,"color_body_bg":"#f8f8f8","type_header_font":"muli_n6","type_header_base_size":26,"type_base_font":"muli_n4","type_base_size":18,"share_facebook":true,"share_twitter":true,"share_pinterest":true,"social_twitter_link":"","social_facebook_link":"","social_pinterest_link":"","social_instagram_link":"","social_tumblr_link":"","social_snapchat_link":"","social_youtube_link":"","social_vimeo_link":"","favicon":"","checkout_header_image":"","checkout_logo_image":"","checkout_logo_position":"left","checkout_logo_size":"small","checkout_body_background_image":"","checkout_body_background_color":"#ffffff","checkout_input_background_color_mode":"white","checkout_sidebar_background_image":"","checkout_sidebar_background_color":"#e8f3f6","checkout_heading_font":"Roboto","checkout_body_font":"Source Sans Pro","checkout_accent_color":"#1990c6","checkout_button_color":"#23314e","checkout_error_color":"#ff6d6d","sections":{"header":{"type":"header","settings":{"align_logo":"left","logo":"","logo_max_width":135,"main_linklist":"main-menu","message":true,"color_bg":"#162950","color_text":"#ffffff"}},"hero":{"type":"hero","settings":{"alignment":"center","hero_size":"x-large","text_size":"large"}},"slideshow":{"type":"slideshow","blocks":{"slideshow-0":{"type":"image","settings":{"image":"","alignment":"center center"}},"1492095993817":{"type":"image","settings":{"image":"","alignment":"center"}}},"block_order":["slideshow-0","1492095993817"],"settings":{"slideshow_height":"medium","text_size":"medium","autorotate":false,"autorotate_speed":5}},"featured-collections":{"type":"collection","settings":{"grid":3,"rows":1,"show_vendor":true,"show_view_all":true}},"product-template":{"type":"product-template","settings":{"show_quantity_selector":false,"show_vendor":false,"show_share_buttons":true,"media_size":"medium","enable_image_zoom":true,"enable_video_looping":false}},"collection-template":{"type":"collection-template","settings":{"layout":"grid","grid":2,"rows":2,"show_collection_image":true,"show_vendor":false,"sort_enable":true,"tags_enable":true}},"1492033809691":{"type":"map","settings":{}},"1492033877875":{"type":"quotes","blocks":{"1492033877875-0":{"type":"quote","settings":{}}},"block_order":["1492033877875-0"],"settings":{}},"1492033924902":{"type":"custom-content","blocks":{"1492033924902-0":{"type":"text","settings":{"width":"100%","alignment":"center","align_text":"center"}}},"block_order":["1492033924902-0"],"settings":{"title":""}},"1492096252560":{"type":"collection-list","blocks":{"1492096252560-0":{"type":"featured_collection","settings":{}},"1492096252560-1":{"type":"featured_collection","settings":{}},"1492096252560-2":{"type":"featured_collection","settings":{}}},"block_order":["1492096252560-0","1492096252560-1","1492096252560-2"],"settings":{"grid":3}},"blog-template":{"type":"blog-template","settings":{"layout":"grid","blog_show_author":true,"blog_show_date":false}},"article-template":{"type":"article-template","settings":{"blog_show_author":true,"blog_show_date":true,"show_share_buttons":true}},"cart-template":{"type":"cart-template","settings":{"cart_notes_enable":false}},"footer":{"type":"footer","blocks":{"link_list":{"type":"link_list","settings":{}},"text":{"type":"text","settings":{}},"newsletter":{"type":"newsletter","settings":{}}},"block_order":["link_list","text","newsletter"],"settings":{"color_footer_bg":"#f8f8f8","color_footer_text":"#6d6d6d"}}},"content_for_index":["hero","featured-collections","slideshow","1492033924902","1492096252560","1492033877875","1492033809691"]}}}